id,Personality
18524,Extrovert
18525,Introvert
18526,Extrovert
18527,Extrovert
18528,Extrovert
18529,Extrovert
18530,Extrovert
18531,Extrovert
18532,Extrovert
18533,Extrovert
18534,Extrovert
18535,Extrovert
18536,Extrovert
18537,Extrovert
18538,Introvert
18539,Extrovert
18540,Extrovert
18541,Extrovert
18542,Extrovert
18543,Extrovert
18544,Introvert
18545,Extrovert
18546,Extrovert
18547,Introvert
18548,Extrovert
18549,Extrovert
18550,Extrovert
18551,Extrovert
18552,Extrovert
18553,Extrovert
18554,Extrovert
18555,Extrovert
18556,Extrovert
18557,Extrovert
18558,Introvert
18559,Extrovert
18560,Extrovert
18561,Extrovert
18562,Extrovert
18563,Extrovert
18564,Extrovert
18565,Extrovert
18566,Extrovert
18567,Extrovert
18568,Extrovert
18569,Extrovert
18570,Extrovert
18571,Extrovert
18572,Extrovert
18573,Extrovert
18574,Extrovert
18575,Extrovert
18576,Extrovert
18577,Extrovert
18578,Extrovert
18579,Introvert
18580,Extrovert
18581,Extrovert
18582,Extrovert
18583,Extrovert
18584,Extrovert
18585,Extrovert
18586,Extrovert
18587,Extrovert
18588,Extrovert
18589,Introvert
18590,Extrovert
18591,Extrovert
18592,Extrovert
18593,Extrovert
18594,Extrovert
18595,Introvert
18596,Extrovert
18597,Extrovert
18598,Extrovert
18599,Extrovert
18600,Introvert
18601,Extrovert
18602,Extrovert
18603,Extrovert
18604,Extrovert
18605,Extrovert
18606,Extrovert
18607,Extrovert
18608,Extrovert
18609,Extrovert
18610,Extrovert
18611,Extrovert
18612,Extrovert
18613,Extrovert
18614,Extrovert
18615,Extrovert
18616,Extrovert
18617,Extrovert
18618,Extrovert
18619,Introvert
18620,Extrovert
18621,Extrovert
18622,Introvert
18623,Extrovert
18624,Extrovert
18625,Extrovert
18626,Extrovert
18627,Extrovert
18628,Extrovert
18629,Extrovert
18630,Extrovert
18631,Extrovert
18632,Introvert
18633,Introvert
18634,Extrovert
18635,Extrovert
18636,Extrovert
18637,Extrovert
18638,Extrovert
18639,Extrovert
18640,Extrovert
18641,Extrovert
18642,Extrovert
18643,Extrovert
18644,Introvert
18645,Extrovert
18646,Extrovert
18647,Extrovert
18648,Extrovert
18649,Extrovert
18650,Extrovert
18651,Extrovert
18652,Extrovert
18653,Extrovert
18654,Extrovert
18655,Extrovert
18656,Introvert
18657,Extrovert
18658,Extrovert
18659,Extrovert
18660,Introvert
18661,Extrovert
18662,Extrovert
18663,Extrovert
18664,Extrovert
18665,Extrovert
18666,Extrovert
18667,Extrovert
18668,Extrovert
18669,Extrovert
18670,Extrovert
18671,Extrovert
18672,Extrovert
18673,Extrovert
18674,Extrovert
18675,Introvert
18676,Extrovert
18677,Extrovert
18678,Extrovert
18679,Extrovert
18680,Extrovert
18681,Extrovert
18682,Extrovert
18683,Extrovert
18684,Extrovert
18685,Extrovert
18686,Extrovert
18687,Extrovert
18688,Introvert
18689,Extrovert
18690,Extrovert
18691,Extrovert
18692,Extrovert
18693,Introvert
18694,Extrovert
18695,Extrovert
18696,Extrovert
18697,Extrovert
18698,Extrovert
18699,Extrovert
18700,Extrovert
18701,Extrovert
18702,Extrovert
18703,Extrovert
18704,Extrovert
18705,Extrovert
18706,Extrovert
18707,Extrovert
18708,Extrovert
18709,Extrovert
18710,Extrovert
18711,Extrovert
18712,Extrovert
18713,Extrovert
18714,Introvert
18715,Extrovert
18716,Introvert
18717,Introvert
18718,Extrovert
18719,Introvert
18720,Extrovert
18721,Extrovert
18722,Introvert
18723,Extrovert
18724,Introvert
18725,Extrovert
18726,Extrovert
18727,Extrovert
18728,Extrovert
18729,Extrovert
18730,Extrovert
18731,Introvert
18732,Introvert
18733,Extrovert
18734,Extrovert
18735,Extrovert
18736,Extrovert
18737,Introvert
18738,Extrovert
18739,Extrovert
18740,Introvert
18741,Extrovert
18742,Introvert
18743,Extrovert
18744,Extrovert
18745,Introvert
18746,Extrovert
18747,Extrovert
18748,Extrovert
18749,Extrovert
18750,Extrovert
18751,Extrovert
18752,Introvert
18753,Extrovert
18754,Extrovert
18755,Extrovert
18756,Extrovert
18757,Extrovert
18758,Extrovert
18759,Extrovert
18760,Extrovert
18761,Extrovert
18762,Introvert
18763,Extrovert
18764,Extrovert
18765,Extrovert
18766,Extrovert
18767,Extrovert
18768,Extrovert
18769,Extrovert
18770,Extrovert
18771,Introvert
18772,Extrovert
18773,Extrovert
18774,Extrovert
18775,Extrovert
18776,Extrovert
18777,Extrovert
18778,Extrovert
18779,Extrovert
18780,Extrovert
18781,Extrovert
18782,Extrovert
18783,Extrovert
18784,Extrovert
18785,Extrovert
18786,Extrovert
18787,Extrovert
18788,Extrovert
18789,Extrovert
18790,Introvert
18791,Extrovert
18792,Introvert
18793,Extrovert
18794,Extrovert
18795,Extrovert
18796,Introvert
18797,Extrovert
18798,Extrovert
18799,Extrovert
18800,Extrovert
18801,Extrovert
18802,Extrovert
18803,Extrovert
18804,Extrovert
18805,Extrovert
18806,Extrovert
18807,Extrovert
18808,Extrovert
18809,Extrovert
18810,Introvert
18811,Extrovert
18812,Extrovert
18813,Extrovert
18814,Extrovert
18815,Extrovert
18816,Extrovert
18817,Introvert
18818,Extrovert
18819,Extrovert
18820,Extrovert
18821,Extrovert
18822,Extrovert
18823,Extrovert
18824,Extrovert
18825,Extrovert
18826,Extrovert
18827,Extrovert
18828,Introvert
18829,Extrovert
18830,Extrovert
18831,Extrovert
18832,Extrovert
18833,Extrovert
18834,Extrovert
18835,Extrovert
18836,Extrovert
18837,Extrovert
18838,Extrovert
18839,Extrovert
18840,Extrovert
18841,Extrovert
18842,Extrovert
18843,Introvert
18844,Extrovert
18845,Extrovert
18846,Extrovert
18847,Extrovert
18848,Extrovert
18849,Extrovert
18850,Extrovert
18851,Extrovert
18852,Introvert
18853,Extrovert
18854,Extrovert
18855,Extrovert
18856,Extrovert
18857,Extrovert
18858,Introvert
18859,Extrovert
18860,Extrovert
18861,Extrovert
18862,Extrovert
18863,Extrovert
18864,Extrovert
18865,Extrovert
18866,Extrovert
18867,Extrovert
18868,Introvert
18869,Introvert
18870,Extrovert
18871,Extrovert
18872,Extrovert
18873,Extrovert
18874,Extrovert
18875,Extrovert
18876,Extrovert
18877,Extrovert
18878,Extrovert
18879,Introvert
18880,Extrovert
18881,Extrovert
18882,Extrovert
18883,Extrovert
18884,Introvert
18885,Extrovert
18886,Extrovert
18887,Introvert
18888,Extrovert
18889,Extrovert
18890,Extrovert
18891,Extrovert
18892,Introvert
18893,Extrovert
18894,Extrovert
18895,Extrovert
18896,Extrovert
18897,Introvert
18898,Extrovert
18899,Extrovert
18900,Extrovert
18901,Introvert
18902,Extrovert
18903,Extrovert
18904,Extrovert
18905,Extrovert
18906,Extrovert
18907,Extrovert
18908,Extrovert
18909,Extrovert
18910,Extrovert
18911,Extrovert
18912,Introvert
18913,Extrovert
18914,Extrovert
18915,Extrovert
18916,Extrovert
18917,Extrovert
18918,Extrovert
18919,Extrovert
18920,Introvert
18921,Extrovert
18922,Extrovert
18923,Extrovert
18924,Extrovert
18925,Extrovert
18926,Extrovert
18927,Introvert
18928,Extrovert
18929,Extrovert
18930,Extrovert
18931,Introvert
18932,Extrovert
18933,Extrovert
18934,Extrovert
18935,Introvert
18936,Introvert
18937,Extrovert
18938,Extrovert
18939,Extrovert
18940,Introvert
18941,Introvert
18942,Extrovert
18943,Extrovert
18944,Extrovert
18945,Extrovert
18946,Extrovert
18947,Extrovert
18948,Extrovert
18949,Introvert
18950,Extrovert
18951,Extrovert
18952,Extrovert
18953,Extrovert
18954,Extrovert
18955,Extrovert
18956,Extrovert
18957,Introvert
18958,Extrovert
18959,Introvert
18960,Extrovert
18961,Extrovert
18962,Introvert
18963,Extrovert
18964,Introvert
18965,Extrovert
18966,Extrovert
18967,Extrovert
18968,Extrovert
18969,Extrovert
18970,Extrovert
18971,Extrovert
18972,Extrovert
18973,Extrovert
18974,Extrovert
18975,Introvert
18976,Extrovert
18977,Extrovert
18978,Extrovert
18979,Extrovert
18980,Extrovert
18981,Extrovert
18982,Extrovert
18983,Introvert
18984,Extrovert
18985,Extrovert
18986,Extrovert
18987,Extrovert
18988,Extrovert
18989,Extrovert
18990,Extrovert
18991,Introvert
18992,Extrovert
18993,Extrovert
18994,Introvert
18995,Extrovert
18996,Extrovert
18997,Extrovert
18998,Introvert
18999,Extrovert
19000,Extrovert
19001,Extrovert
19002,Introvert
19003,Extrovert
19004,Extrovert
19005,Introvert
19006,Extrovert
19007,Extrovert
19008,Extrovert
19009,Extrovert
19010,Extrovert
19011,Extrovert
19012,Introvert
19013,Introvert
19014,Extrovert
19015,Extrovert
19016,Extrovert
19017,Extrovert
19018,Extrovert
19019,Extrovert
19020,Introvert
19021,Extrovert
19022,Extrovert
19023,Extrovert
19024,Extrovert
19025,Extrovert
19026,Extrovert
19027,Extrovert
19028,Extrovert
19029,Introvert
19030,Extrovert
19031,Introvert
19032,Extrovert
19033,Introvert
19034,Extrovert
19035,Extrovert
19036,Extrovert
19037,Extrovert
19038,Extrovert
19039,Extrovert
19040,Extrovert
19041,Extrovert
19042,Extrovert
19043,Extrovert
19044,Extrovert
19045,Extrovert
19046,Extrovert
19047,Extrovert
19048,Introvert
19049,Extrovert
19050,Extrovert
19051,Extrovert
19052,Introvert
19053,Extrovert
19054,Introvert
19055,Extrovert
19056,Extrovert
19057,Extrovert
19058,Extrovert
19059,Extrovert
19060,Introvert
19061,Introvert
19062,Extrovert
19063,Extrovert
19064,Extrovert
19065,Extrovert
19066,Extrovert
19067,Extrovert
19068,Extrovert
19069,Introvert
19070,Extrovert
19071,Extrovert
19072,Extrovert
19073,Extrovert
19074,Extrovert
19075,Introvert
19076,Extrovert
19077,Extrovert
19078,Extrovert
19079,Introvert
19080,Extrovert
19081,Extrovert
19082,Extrovert
19083,Extrovert
19084,Introvert
19085,Extrovert
19086,Extrovert
19087,Extrovert
19088,Extrovert
19089,Extrovert
19090,Introvert
19091,Extrovert
19092,Extrovert
19093,Extrovert
19094,Introvert
19095,Extrovert
19096,Extrovert
19097,Introvert
19098,Extrovert
19099,Extrovert
19100,Extrovert
19101,Extrovert
19102,Introvert
19103,Extrovert
19104,Extrovert
19105,Extrovert
19106,Extrovert
19107,Extrovert
19108,Extrovert
19109,Extrovert
19110,Extrovert
19111,Introvert
19112,Extrovert
19113,Extrovert
19114,Introvert
19115,Extrovert
19116,Extrovert
19117,Introvert
19118,Extrovert
19119,Extrovert
19120,Introvert
19121,Extrovert
19122,Extrovert
19123,Extrovert
19124,Extrovert
19125,Extrovert
19126,Extrovert
19127,Extrovert
19128,Introvert
19129,Extrovert
19130,Extrovert
19131,Extrovert
19132,Extrovert
19133,Extrovert
19134,Extrovert
19135,Extrovert
19136,Extrovert
19137,Extrovert
19138,Extrovert
19139,Extrovert
19140,Introvert
19141,Extrovert
19142,Extrovert
19143,Extrovert
19144,Extrovert
19145,Extrovert
19146,Extrovert
19147,Extrovert
19148,Introvert
19149,Extrovert
19150,Extrovert
19151,Extrovert
19152,Introvert
19153,Extrovert
19154,Extrovert
19155,Extrovert
19156,Extrovert
19157,Extrovert
19158,Introvert
19159,Extrovert
19160,Extrovert
19161,Extrovert
19162,Extrovert
19163,Extrovert
19164,Extrovert
19165,Introvert
19166,Extrovert
19167,Extrovert
19168,Extrovert
19169,Extrovert
19170,Extrovert
19171,Extrovert
19172,Extrovert
19173,Extrovert
19174,Extrovert
19175,Extrovert
19176,Extrovert
19177,Extrovert
19178,Extrovert
19179,Extrovert
19180,Extrovert
19181,Extrovert
19182,Extrovert
19183,Introvert
19184,Extrovert
19185,Extrovert
19186,Extrovert
19187,Introvert
19188,Extrovert
19189,Extrovert
19190,Extrovert
19191,Extrovert
19192,Extrovert
19193,Introvert
19194,Extrovert
19195,Extrovert
19196,Extrovert
19197,Extrovert
19198,Extrovert
19199,Extrovert
19200,Extrovert
19201,Extrovert
19202,Extrovert
19203,Extrovert
19204,Extrovert
19205,Extrovert
19206,Extrovert
19207,Extrovert
19208,Extrovert
19209,Extrovert
19210,Extrovert
19211,Extrovert
19212,Extrovert
19213,Extrovert
19214,Introvert
19215,Introvert
19216,Extrovert
19217,Extrovert
19218,Extrovert
19219,Introvert
19220,Extrovert
19221,Extrovert
19222,Extrovert
19223,Extrovert
19224,Extrovert
19225,Extrovert
19226,Extrovert
19227,Extrovert
19228,Extrovert
19229,Extrovert
19230,Extrovert
19231,Extrovert
19232,Extrovert
19233,Extrovert
19234,Introvert
19235,Introvert
19236,Introvert
19237,Extrovert
19238,Introvert
19239,Introvert
19240,Extrovert
19241,Introvert
19242,Extrovert
19243,Introvert
19244,Extrovert
19245,Extrovert
19246,Introvert
19247,Extrovert
19248,Extrovert
19249,Extrovert
19250,Extrovert
19251,Extrovert
19252,Extrovert
19253,Extrovert
19254,Introvert
19255,Extrovert
19256,Introvert
19257,Extrovert
19258,Extrovert
19259,Introvert
19260,Extrovert
19261,Extrovert
19262,Extrovert
19263,Extrovert
19264,Introvert
19265,Extrovert
19266,Extrovert
19267,Introvert
19268,Extrovert
19269,Extrovert
19270,Introvert
19271,Extrovert
19272,Extrovert
19273,Extrovert
19274,Extrovert
19275,Extrovert
19276,Extrovert
19277,Extrovert
19278,Introvert
19279,Extrovert
19280,Introvert
19281,Extrovert
19282,Extrovert
19283,Extrovert
19284,Extrovert
19285,Extrovert
19286,Extrovert
19287,Extrovert
19288,Extrovert
19289,Extrovert
19290,Introvert
19291,Extrovert
19292,Extrovert
19293,Introvert
19294,Introvert
19295,Introvert
19296,Introvert
19297,Extrovert
19298,Extrovert
19299,Extrovert
19300,Extrovert
19301,Introvert
19302,Extrovert
19303,Extrovert
19304,Extrovert
19305,Extrovert
19306,Extrovert
19307,Extrovert
19308,Introvert
19309,Extrovert
19310,Extrovert
19311,Extrovert
19312,Extrovert
19313,Extrovert
19314,Extrovert
19315,Extrovert
19316,Extrovert
19317,Extrovert
19318,Extrovert
19319,Extrovert
19320,Extrovert
19321,Introvert
19322,Introvert
19323,Extrovert
19324,Extrovert
19325,Introvert
19326,Extrovert
19327,Introvert
19328,Extrovert
19329,Extrovert
19330,Extrovert
19331,Extrovert
19332,Extrovert
19333,Extrovert
19334,Extrovert
19335,Introvert
19336,Extrovert
19337,Extrovert
19338,Extrovert
19339,Introvert
19340,Extrovert
19341,Extrovert
19342,Extrovert
19343,Extrovert
19344,Introvert
19345,Extrovert
19346,Extrovert
19347,Extrovert
19348,Extrovert
19349,Extrovert
19350,Introvert
19351,Extrovert
19352,Introvert
19353,Extrovert
19354,Extrovert
19355,Extrovert
19356,Introvert
19357,Extrovert
19358,Extrovert
19359,Extrovert
19360,Extrovert
19361,Extrovert
19362,Extrovert
19363,Introvert
19364,Introvert
19365,Introvert
19366,Extrovert
19367,Extrovert
19368,Extrovert
19369,Extrovert
19370,Extrovert
19371,Extrovert
19372,Extrovert
19373,Introvert
19374,Introvert
19375,Extrovert
19376,Extrovert
19377,Extrovert
19378,Extrovert
19379,Extrovert
19380,Extrovert
19381,Extrovert
19382,Introvert
19383,Extrovert
19384,Extrovert
19385,Extrovert
19386,Extrovert
19387,Extrovert
19388,Introvert
19389,Extrovert
19390,Extrovert
19391,Extrovert
19392,Introvert
19393,Extrovert
19394,Extrovert
19395,Extrovert
19396,Extrovert
19397,Extrovert
19398,Extrovert
19399,Extrovert
19400,Extrovert
19401,Extrovert
19402,Introvert
19403,Extrovert
19404,Extrovert
19405,Extrovert
19406,Extrovert
19407,Introvert
19408,Introvert
19409,Introvert
19410,Introvert
19411,Extrovert
19412,Extrovert
19413,Extrovert
19414,Extrovert
19415,Extrovert
19416,Extrovert
19417,Extrovert
19418,Extrovert
19419,Extrovert
19420,Extrovert
19421,Introvert
19422,Extrovert
19423,Extrovert
19424,Extrovert
19425,Extrovert
19426,Extrovert
19427,Extrovert
19428,Extrovert
19429,Extrovert
19430,Extrovert
19431,Extrovert
19432,Extrovert
19433,Extrovert
19434,Extrovert
19435,Extrovert
19436,Extrovert
19437,Introvert
19438,Introvert
19439,Extrovert
19440,Extrovert
19441,Introvert
19442,Extrovert
19443,Extrovert
19444,Extrovert
19445,Extrovert
19446,Introvert
19447,Extrovert
19448,Extrovert
19449,Extrovert
19450,Extrovert
19451,Extrovert
19452,Introvert
19453,Extrovert
19454,Extrovert
19455,Extrovert
19456,Introvert
19457,Extrovert
19458,Extrovert
19459,Extrovert
19460,Extrovert
19461,Extrovert
19462,Extrovert
19463,Extrovert
19464,Extrovert
19465,Introvert
19466,Extrovert
19467,Introvert
19468,Extrovert
19469,Extrovert
19470,Extrovert
19471,Extrovert
19472,Extrovert
19473,Extrovert
19474,Extrovert
19475,Introvert
19476,Extrovert
19477,Extrovert
19478,Extrovert
19479,Extrovert
19480,Introvert
19481,Extrovert
19482,Extrovert
19483,Introvert
19484,Extrovert
19485,Extrovert
19486,Extrovert
19487,Extrovert
19488,Extrovert
19489,Extrovert
19490,Introvert
19491,Introvert
19492,Introvert
19493,Extrovert
19494,Extrovert
19495,Extrovert
19496,Extrovert
19497,Extrovert
19498,Extrovert
19499,Extrovert
19500,Extrovert
19501,Extrovert
19502,Extrovert
19503,Extrovert
19504,Extrovert
19505,Extrovert
19506,Extrovert
19507,Extrovert
19508,Extrovert
19509,Extrovert
19510,Extrovert
19511,Extrovert
19512,Extrovert
19513,Extrovert
19514,Extrovert
19515,Extrovert
19516,Extrovert
19517,Extrovert
19518,Introvert
19519,Extrovert
19520,Introvert
19521,Extrovert
19522,Introvert
19523,Introvert
19524,Extrovert
19525,Extrovert
19526,Extrovert
19527,Extrovert
19528,Extrovert
19529,Extrovert
19530,Extrovert
19531,Extrovert
19532,Extrovert
19533,Introvert
19534,Extrovert
19535,Extrovert
19536,Extrovert
19537,Extrovert
19538,Extrovert
19539,Extrovert
19540,Extrovert
19541,Introvert
19542,Extrovert
19543,Extrovert
19544,Extrovert
19545,Extrovert
19546,Extrovert
19547,Extrovert
19548,Extrovert
19549,Extrovert
19550,Extrovert
19551,Introvert
19552,Extrovert
19553,Extrovert
19554,Extrovert
19555,Extrovert
19556,Extrovert
19557,Extrovert
19558,Introvert
19559,Extrovert
19560,Extrovert
19561,Extrovert
19562,Extrovert
19563,Introvert
19564,Extrovert
19565,Introvert
19566,Extrovert
19567,Extrovert
19568,Extrovert
19569,Extrovert
19570,Extrovert
19571,Extrovert
19572,Extrovert
19573,Extrovert
19574,Extrovert
19575,Extrovert
19576,Extrovert
19577,Extrovert
19578,Extrovert
19579,Extrovert
19580,Extrovert
19581,Extrovert
19582,Introvert
19583,Introvert
19584,Introvert
19585,Extrovert
19586,Extrovert
19587,Extrovert
19588,Extrovert
19589,Extrovert
19590,Extrovert
19591,Extrovert
19592,Extrovert
19593,Extrovert
19594,Introvert
19595,Extrovert
19596,Introvert
19597,Extrovert
19598,Extrovert
19599,Extrovert
19600,Introvert
19601,Extrovert
19602,Extrovert
19603,Extrovert
19604,Extrovert
19605,Extrovert
19606,Extrovert
19607,Extrovert
19608,Extrovert
19609,Extrovert
19610,Extrovert
19611,Extrovert
19612,Extrovert
19613,Extrovert
19614,Introvert
19615,Extrovert
19616,Extrovert
19617,Extrovert
19618,Extrovert
19619,Extrovert
19620,Extrovert
19621,Extrovert
19622,Extrovert
19623,Introvert
19624,Extrovert
19625,Extrovert
19626,Extrovert
19627,Extrovert
19628,Introvert
19629,Extrovert
19630,Extrovert
19631,Extrovert
19632,Extrovert
19633,Extrovert
19634,Introvert
19635,Extrovert
19636,Extrovert
19637,Extrovert
19638,Extrovert
19639,Extrovert
19640,Extrovert
19641,Extrovert
19642,Extrovert
19643,Extrovert
19644,Introvert
19645,Extrovert
19646,Extrovert
19647,Extrovert
19648,Extrovert
19649,Extrovert
19650,Extrovert
19651,Extrovert
19652,Extrovert
19653,Extrovert
19654,Extrovert
19655,Extrovert
19656,Introvert
19657,Extrovert
19658,Extrovert
19659,Extrovert
19660,Extrovert
19661,Extrovert
19662,Extrovert
19663,Extrovert
19664,Extrovert
19665,Introvert
19666,Extrovert
19667,Extrovert
19668,Extrovert
19669,Extrovert
19670,Extrovert
19671,Extrovert
19672,Extrovert
19673,Introvert
19674,Extrovert
19675,Extrovert
19676,Extrovert
19677,Introvert
19678,Extrovert
19679,Extrovert
19680,Extrovert
19681,Extrovert
19682,Extrovert
19683,Extrovert
19684,Extrovert
19685,Extrovert
19686,Introvert
19687,Extrovert
19688,Extrovert
19689,Extrovert
19690,Introvert
19691,Extrovert
19692,Extrovert
19693,Introvert
19694,Introvert
19695,Extrovert
19696,Extrovert
19697,Introvert
19698,Extrovert
19699,Extrovert
19700,Extrovert
19701,Extrovert
19702,Extrovert
19703,Extrovert
19704,Extrovert
19705,Extrovert
19706,Extrovert
19707,Extrovert
19708,Introvert
19709,Extrovert
19710,Extrovert
19711,Extrovert
19712,Extrovert
19713,Extrovert
19714,Extrovert
19715,Extrovert
19716,Extrovert
19717,Extrovert
19718,Introvert
19719,Extrovert
19720,Introvert
19721,Extrovert
19722,Extrovert
19723,Introvert
19724,Introvert
19725,Extrovert
19726,Extrovert
19727,Extrovert
19728,Extrovert
19729,Introvert
19730,Extrovert
19731,Extrovert
19732,Introvert
19733,Extrovert
19734,Extrovert
19735,Extrovert
19736,Extrovert
19737,Extrovert
19738,Extrovert
19739,Extrovert
19740,Extrovert
19741,Extrovert
19742,Extrovert
19743,Introvert
19744,Introvert
19745,Extrovert
19746,Extrovert
19747,Extrovert
19748,Extrovert
19749,Introvert
19750,Extrovert
19751,Introvert
19752,Extrovert
19753,Extrovert
19754,Extrovert
19755,Extrovert
19756,Extrovert
19757,Extrovert
19758,Extrovert
19759,Extrovert
19760,Extrovert
19761,Introvert
19762,Extrovert
19763,Extrovert
19764,Extrovert
19765,Extrovert
19766,Extrovert
19767,Extrovert
19768,Introvert
19769,Introvert
19770,Extrovert
19771,Extrovert
19772,Extrovert
19773,Extrovert
19774,Extrovert
19775,Extrovert
19776,Extrovert
19777,Introvert
19778,Extrovert
19779,Extrovert
19780,Extrovert
19781,Extrovert
19782,Extrovert
19783,Introvert
19784,Extrovert
19785,Extrovert
19786,Extrovert
19787,Extrovert
19788,Extrovert
19789,Extrovert
19790,Extrovert
19791,Extrovert
19792,Extrovert
19793,Extrovert
19794,Extrovert
19795,Extrovert
19796,Extrovert
19797,Extrovert
19798,Extrovert
19799,Extrovert
19800,Extrovert
19801,Introvert
19802,Extrovert
19803,Introvert
19804,Introvert
19805,Extrovert
19806,Introvert
19807,Extrovert
19808,Extrovert
19809,Extrovert
19810,Extrovert
19811,Extrovert
19812,Extrovert
19813,Extrovert
19814,Extrovert
19815,Extrovert
19816,Introvert
19817,Extrovert
19818,Extrovert
19819,Introvert
19820,Extrovert
19821,Extrovert
19822,Extrovert
19823,Extrovert
19824,Extrovert
19825,Extrovert
19826,Extrovert
19827,Extrovert
19828,Extrovert
19829,Extrovert
19830,Extrovert
19831,Extrovert
19832,Extrovert
19833,Extrovert
19834,Extrovert
19835,Extrovert
19836,Extrovert
19837,Introvert
19838,Extrovert
19839,Extrovert
19840,Extrovert
19841,Extrovert
19842,Extrovert
19843,Extrovert
19844,Extrovert
19845,Extrovert
19846,Extrovert
19847,Extrovert
19848,Extrovert
19849,Extrovert
19850,Extrovert
19851,Introvert
19852,Extrovert
19853,Extrovert
19854,Extrovert
19855,Extrovert
19856,Extrovert
19857,Extrovert
19858,Extrovert
19859,Extrovert
19860,Introvert
19861,Extrovert
19862,Introvert
19863,Extrovert
19864,Extrovert
19865,Extrovert
19866,Extrovert
19867,Introvert
19868,Extrovert
19869,Extrovert
19870,Extrovert
19871,Extrovert
19872,Introvert
19873,Extrovert
19874,Extrovert
19875,Extrovert
19876,Extrovert
19877,Extrovert
19878,Extrovert
19879,Extrovert
19880,Extrovert
19881,Extrovert
19882,Extrovert
19883,Extrovert
19884,Introvert
19885,Introvert
19886,Introvert
19887,Extrovert
19888,Extrovert
19889,Extrovert
19890,Extrovert
19891,Extrovert
19892,Introvert
19893,Extrovert
19894,Extrovert
19895,Extrovert
19896,Introvert
19897,Extrovert
19898,Extrovert
19899,Extrovert
19900,Extrovert
19901,Extrovert
19902,Extrovert
19903,Extrovert
19904,Extrovert
19905,Extrovert
19906,Extrovert
19907,Extrovert
19908,Extrovert
19909,Introvert
19910,Introvert
19911,Extrovert
19912,Extrovert
19913,Extrovert
19914,Extrovert
19915,Extrovert
19916,Extrovert
19917,Extrovert
19918,Extrovert
19919,Extrovert
19920,Extrovert
19921,Extrovert
19922,Extrovert
19923,Extrovert
19924,Extrovert
19925,Introvert
19926,Extrovert
19927,Extrovert
19928,Extrovert
19929,Extrovert
19930,Introvert
19931,Extrovert
19932,Extrovert
19933,Extrovert
19934,Extrovert
19935,Extrovert
19936,Introvert
19937,Extrovert
19938,Extrovert
19939,Extrovert
19940,Extrovert
19941,Extrovert
19942,Extrovert
19943,Introvert
19944,Extrovert
19945,Introvert
19946,Extrovert
19947,Extrovert
19948,Extrovert
19949,Introvert
19950,Extrovert
19951,Extrovert
19952,Introvert
19953,Extrovert
19954,Extrovert
19955,Extrovert
19956,Extrovert
19957,Extrovert
19958,Extrovert
19959,Extrovert
19960,Extrovert
19961,Extrovert
19962,Extrovert
19963,Extrovert
19964,Extrovert
19965,Introvert
19966,Extrovert
19967,Extrovert
19968,Extrovert
19969,Introvert
19970,Extrovert
19971,Extrovert
19972,Extrovert
19973,Introvert
19974,Introvert
19975,Extrovert
19976,Extrovert
19977,Extrovert
19978,Extrovert
19979,Extrovert
19980,Extrovert
19981,Extrovert
19982,Extrovert
19983,Extrovert
19984,Extrovert
19985,Extrovert
19986,Introvert
19987,Extrovert
19988,Extrovert
19989,Extrovert
19990,Introvert
19991,Extrovert
19992,Introvert
19993,Extrovert
19994,Introvert
19995,Extrovert
19996,Extrovert
19997,Extrovert
19998,Extrovert
19999,Extrovert
20000,Extrovert
20001,Extrovert
20002,Extrovert
20003,Extrovert
20004,Extrovert
20005,Introvert
20006,Extrovert
20007,Extrovert
20008,Extrovert
20009,Extrovert
20010,Introvert
20011,Introvert
20012,Extrovert
20013,Extrovert
20014,Extrovert
20015,Introvert
20016,Extrovert
20017,Extrovert
20018,Introvert
20019,Extrovert
20020,Extrovert
20021,Extrovert
20022,Introvert
20023,Extrovert
20024,Extrovert
20025,Introvert
20026,Introvert
20027,Introvert
20028,Extrovert
20029,Extrovert
20030,Extrovert
20031,Extrovert
20032,Extrovert
20033,Extrovert
20034,Extrovert
20035,Extrovert
20036,Extrovert
20037,Extrovert
20038,Extrovert
20039,Extrovert
20040,Introvert
20041,Extrovert
20042,Extrovert
20043,Extrovert
20044,Extrovert
20045,Extrovert
20046,Extrovert
20047,Introvert
20048,Extrovert
20049,Introvert
20050,Extrovert
20051,Extrovert
20052,Extrovert
20053,Extrovert
20054,Extrovert
20055,Extrovert
20056,Extrovert
20057,Extrovert
20058,Extrovert
20059,Extrovert
20060,Extrovert
20061,Extrovert
20062,Extrovert
20063,Extrovert
20064,Extrovert
20065,Extrovert
20066,Extrovert
20067,Extrovert
20068,Extrovert
20069,Extrovert
20070,Introvert
20071,Extrovert
20072,Extrovert
20073,Extrovert
20074,Extrovert
20075,Extrovert
20076,Extrovert
20077,Extrovert
20078,Extrovert
20079,Extrovert
20080,Extrovert
20081,Introvert
20082,Extrovert
20083,Introvert
20084,Introvert
20085,Introvert
20086,Extrovert
20087,Extrovert
20088,Extrovert
20089,Extrovert
20090,Extrovert
20091,Introvert
20092,Extrovert
20093,Introvert
20094,Extrovert
20095,Extrovert
20096,Introvert
20097,Extrovert
20098,Extrovert
20099,Extrovert
20100,Extrovert
20101,Extrovert
20102,Extrovert
20103,Extrovert
20104,Extrovert
20105,Introvert
20106,Extrovert
20107,Extrovert
20108,Extrovert
20109,Extrovert
20110,Extrovert
20111,Extrovert
20112,Extrovert
20113,Extrovert
20114,Extrovert
20115,Extrovert
20116,Extrovert
20117,Extrovert
20118,Extrovert
20119,Extrovert
20120,Extrovert
20121,Introvert
20122,Extrovert
20123,Extrovert
20124,Extrovert
20125,Extrovert
20126,Extrovert
20127,Extrovert
20128,Extrovert
20129,Extrovert
20130,Extrovert
20131,Introvert
20132,Extrovert
20133,Extrovert
20134,Extrovert
20135,Extrovert
20136,Extrovert
20137,Extrovert
20138,Extrovert
20139,Extrovert
20140,Extrovert
20141,Extrovert
20142,Extrovert
20143,Extrovert
20144,Extrovert
20145,Extrovert
20146,Introvert
20147,Extrovert
20148,Extrovert
20149,Extrovert
20150,Extrovert
20151,Introvert
20152,Extrovert
20153,Extrovert
20154,Extrovert
20155,Extrovert
20156,Extrovert
20157,Extrovert
20158,Extrovert
20159,Extrovert
20160,Extrovert
20161,Extrovert
20162,Extrovert
20163,Introvert
20164,Introvert
20165,Extrovert
20166,Introvert
20167,Extrovert
20168,Extrovert
20169,Extrovert
20170,Extrovert
20171,Extrovert
20172,Extrovert
20173,Extrovert
20174,Introvert
20175,Introvert
20176,Extrovert
20177,Extrovert
20178,Introvert
20179,Extrovert
20180,Extrovert
20181,Extrovert
20182,Extrovert
20183,Extrovert
20184,Extrovert
20185,Extrovert
20186,Extrovert
20187,Extrovert
20188,Extrovert
20189,Extrovert
20190,Extrovert
20191,Extrovert
20192,Extrovert
20193,Extrovert
20194,Extrovert
20195,Extrovert
20196,Introvert
20197,Extrovert
20198,Extrovert
20199,Extrovert
20200,Extrovert
20201,Extrovert
20202,Extrovert
20203,Introvert
20204,Extrovert
20205,Extrovert
20206,Introvert
20207,Extrovert
20208,Introvert
20209,Extrovert
20210,Extrovert
20211,Extrovert
20212,Extrovert
20213,Extrovert
20214,Extrovert
20215,Extrovert
20216,Extrovert
20217,Extrovert
20218,Extrovert
20219,Extrovert
20220,Extrovert
20221,Extrovert
20222,Extrovert
20223,Extrovert
20224,Extrovert
20225,Extrovert
20226,Extrovert
20227,Extrovert
20228,Introvert
20229,Extrovert
20230,Introvert
20231,Extrovert
20232,Extrovert
20233,Introvert
20234,Extrovert
20235,Extrovert
20236,Extrovert
20237,Extrovert
20238,Extrovert
20239,Introvert
20240,Extrovert
20241,Extrovert
20242,Introvert
20243,Extrovert
20244,Extrovert
20245,Extrovert
20246,Extrovert
20247,Extrovert
20248,Extrovert
20249,Extrovert
20250,Extrovert
20251,Extrovert
20252,Extrovert
20253,Extrovert
20254,Extrovert
20255,Extrovert
20256,Extrovert
20257,Extrovert
20258,Extrovert
20259,Extrovert
20260,Extrovert
20261,Introvert
20262,Extrovert
20263,Extrovert
20264,Extrovert
20265,Introvert
20266,Introvert
20267,Extrovert
20268,Extrovert
20269,Introvert
20270,Extrovert
20271,Extrovert
20272,Introvert
20273,Extrovert
20274,Extrovert
20275,Extrovert
20276,Extrovert
20277,Extrovert
20278,Extrovert
20279,Extrovert
20280,Extrovert
20281,Extrovert
20282,Extrovert
20283,Extrovert
20284,Extrovert
20285,Extrovert
20286,Extrovert
20287,Extrovert
20288,Extrovert
20289,Extrovert
20290,Introvert
20291,Extrovert
20292,Extrovert
20293,Extrovert
20294,Extrovert
20295,Extrovert
20296,Extrovert
20297,Introvert
20298,Extrovert
20299,Extrovert
20300,Extrovert
20301,Extrovert
20302,Extrovert
20303,Extrovert
20304,Extrovert
20305,Introvert
20306,Extrovert
20307,Extrovert
20308,Extrovert
20309,Extrovert
20310,Extrovert
20311,Extrovert
20312,Extrovert
20313,Extrovert
20314,Introvert
20315,Extrovert
20316,Extrovert
20317,Extrovert
20318,Extrovert
20319,Extrovert
20320,Introvert
20321,Extrovert
20322,Extrovert
20323,Extrovert
20324,Introvert
20325,Extrovert
20326,Extrovert
20327,Extrovert
20328,Extrovert
20329,Extrovert
20330,Extrovert
20331,Extrovert
20332,Extrovert
20333,Extrovert
20334,Extrovert
20335,Extrovert
20336,Extrovert
20337,Introvert
20338,Extrovert
20339,Extrovert
20340,Extrovert
20341,Extrovert
20342,Extrovert
20343,Extrovert
20344,Introvert
20345,Extrovert
20346,Extrovert
20347,Extrovert
20348,Extrovert
20349,Extrovert
20350,Extrovert
20351,Introvert
20352,Extrovert
20353,Extrovert
20354,Extrovert
20355,Introvert
20356,Extrovert
20357,Extrovert
20358,Extrovert
20359,Introvert
20360,Extrovert
20361,Extrovert
20362,Extrovert
20363,Extrovert
20364,Extrovert
20365,Extrovert
20366,Extrovert
20367,Extrovert
20368,Extrovert
20369,Introvert
20370,Extrovert
20371,Introvert
20372,Extrovert
20373,Extrovert
20374,Extrovert
20375,Extrovert
20376,Extrovert
20377,Extrovert
20378,Extrovert
20379,Introvert
20380,Extrovert
20381,Extrovert
20382,Extrovert
20383,Extrovert
20384,Extrovert
20385,Extrovert
20386,Extrovert
20387,Extrovert
20388,Introvert
20389,Extrovert
20390,Extrovert
20391,Extrovert
20392,Extrovert
20393,Extrovert
20394,Extrovert
20395,Extrovert
20396,Extrovert
20397,Extrovert
20398,Extrovert
20399,Extrovert
20400,Extrovert
20401,Extrovert
20402,Extrovert
20403,Extrovert
20404,Extrovert
20405,Extrovert
20406,Extrovert
20407,Extrovert
20408,Extrovert
20409,Extrovert
20410,Extrovert
20411,Extrovert
20412,Extrovert
20413,Introvert
20414,Extrovert
20415,Extrovert
20416,Extrovert
20417,Extrovert
20418,Extrovert
20419,Extrovert
20420,Extrovert
20421,Extrovert
20422,Extrovert
20423,Extrovert
20424,Extrovert
20425,Extrovert
20426,Extrovert
20427,Extrovert
20428,Extrovert
20429,Extrovert
20430,Extrovert
20431,Extrovert
20432,Extrovert
20433,Introvert
20434,Extrovert
20435,Introvert
20436,Introvert
20437,Extrovert
20438,Extrovert
20439,Introvert
20440,Introvert
20441,Extrovert
20442,Introvert
20443,Extrovert
20444,Extrovert
20445,Extrovert
20446,Extrovert
20447,Extrovert
20448,Extrovert
20449,Extrovert
20450,Extrovert
20451,Extrovert
20452,Extrovert
20453,Extrovert
20454,Introvert
20455,Extrovert
20456,Extrovert
20457,Extrovert
20458,Extrovert
20459,Extrovert
20460,Extrovert
20461,Extrovert
20462,Extrovert
20463,Extrovert
20464,Extrovert
20465,Extrovert
20466,Extrovert
20467,Extrovert
20468,Extrovert
20469,Extrovert
20470,Extrovert
20471,Extrovert
20472,Introvert
20473,Extrovert
20474,Extrovert
20475,Extrovert
20476,Extrovert
20477,Extrovert
20478,Extrovert
20479,Extrovert
20480,Extrovert
20481,Introvert
20482,Extrovert
20483,Extrovert
20484,Introvert
20485,Extrovert
20486,Introvert
20487,Extrovert
20488,Extrovert
20489,Extrovert
20490,Extrovert
20491,Extrovert
20492,Introvert
20493,Extrovert
20494,Extrovert
20495,Extrovert
20496,Extrovert
20497,Extrovert
20498,Extrovert
20499,Extrovert
20500,Extrovert
20501,Extrovert
20502,Extrovert
20503,Extrovert
20504,Extrovert
20505,Introvert
20506,Extrovert
20507,Extrovert
20508,Extrovert
20509,Extrovert
20510,Extrovert
20511,Extrovert
20512,Extrovert
20513,Extrovert
20514,Extrovert
20515,Extrovert
20516,Extrovert
20517,Extrovert
20518,Extrovert
20519,Extrovert
20520,Extrovert
20521,Extrovert
20522,Introvert
20523,Extrovert
20524,Extrovert
20525,Extrovert
20526,Extrovert
20527,Extrovert
20528,Extrovert
20529,Extrovert
20530,Introvert
20531,Extrovert
20532,Extrovert
20533,Extrovert
20534,Extrovert
20535,Extrovert
20536,Extrovert
20537,Extrovert
20538,Introvert
20539,Extrovert
20540,Extrovert
20541,Extrovert
20542,Extrovert
20543,Introvert
20544,Extrovert
20545,Extrovert
20546,Introvert
20547,Introvert
20548,Extrovert
20549,Extrovert
20550,Extrovert
20551,Extrovert
20552,Extrovert
20553,Extrovert
20554,Extrovert
20555,Extrovert
20556,Extrovert
20557,Introvert
20558,Extrovert
20559,Extrovert
20560,Extrovert
20561,Extrovert
20562,Extrovert
20563,Introvert
20564,Extrovert
20565,Introvert
20566,Extrovert
20567,Introvert
20568,Extrovert
20569,Introvert
20570,Introvert
20571,Extrovert
20572,Extrovert
20573,Extrovert
20574,Extrovert
20575,Extrovert
20576,Introvert
20577,Extrovert
20578,Extrovert
20579,Extrovert
20580,Introvert
20581,Extrovert
20582,Extrovert
20583,Extrovert
20584,Extrovert
20585,Extrovert
20586,Introvert
20587,Extrovert
20588,Extrovert
20589,Extrovert
20590,Extrovert
20591,Extrovert
20592,Extrovert
20593,Extrovert
20594,Extrovert
20595,Introvert
20596,Extrovert
20597,Introvert
20598,Extrovert
20599,Extrovert
20600,Extrovert
20601,Extrovert
20602,Extrovert
20603,Extrovert
20604,Extrovert
20605,Extrovert
20606,Extrovert
20607,Extrovert
20608,Introvert
20609,Extrovert
20610,Introvert
20611,Extrovert
20612,Extrovert
20613,Extrovert
20614,Extrovert
20615,Extrovert
20616,Introvert
20617,Extrovert
20618,Extrovert
20619,Extrovert
20620,Extrovert
20621,Extrovert
20622,Extrovert
20623,Extrovert
20624,Introvert
20625,Extrovert
20626,Extrovert
20627,Extrovert
20628,Introvert
20629,Extrovert
20630,Extrovert
20631,Introvert
20632,Extrovert
20633,Introvert
20634,Extrovert
20635,Extrovert
20636,Extrovert
20637,Introvert
20638,Extrovert
20639,Extrovert
20640,Introvert
20641,Extrovert
20642,Extrovert
20643,Extrovert
20644,Extrovert
20645,Extrovert
20646,Extrovert
20647,Introvert
20648,Extrovert
20649,Introvert
20650,Extrovert
20651,Extrovert
20652,Extrovert
20653,Extrovert
20654,Extrovert
20655,Extrovert
20656,Extrovert
20657,Extrovert
20658,Introvert
20659,Extrovert
20660,Extrovert
20661,Extrovert
20662,Extrovert
20663,Extrovert
20664,Extrovert
20665,Extrovert
20666,Extrovert
20667,Extrovert
20668,Extrovert
20669,Extrovert
20670,Extrovert
20671,Extrovert
20672,Extrovert
20673,Extrovert
20674,Extrovert
20675,Extrovert
20676,Extrovert
20677,Introvert
20678,Extrovert
20679,Extrovert
20680,Extrovert
20681,Extrovert
20682,Extrovert
20683,Extrovert
20684,Extrovert
20685,Extrovert
20686,Extrovert
20687,Extrovert
20688,Extrovert
20689,Extrovert
20690,Introvert
20691,Introvert
20692,Extrovert
20693,Extrovert
20694,Extrovert
20695,Extrovert
20696,Introvert
20697,Introvert
20698,Extrovert
20699,Introvert
20700,Extrovert
20701,Extrovert
20702,Extrovert
20703,Extrovert
20704,Extrovert
20705,Introvert
20706,Extrovert
20707,Extrovert
20708,Extrovert
20709,Extrovert
20710,Extrovert
20711,Extrovert
20712,Extrovert
20713,Extrovert
20714,Extrovert
20715,Extrovert
20716,Introvert
20717,Extrovert
20718,Extrovert
20719,Introvert
20720,Extrovert
20721,Extrovert
20722,Extrovert
20723,Extrovert
20724,Extrovert
20725,Introvert
20726,Introvert
20727,Extrovert
20728,Extrovert
20729,Extrovert
20730,Extrovert
20731,Extrovert
20732,Extrovert
20733,Extrovert
20734,Extrovert
20735,Extrovert
20736,Extrovert
20737,Extrovert
20738,Extrovert
20739,Extrovert
20740,Extrovert
20741,Extrovert
20742,Extrovert
20743,Introvert
20744,Extrovert
20745,Extrovert
20746,Extrovert
20747,Extrovert
20748,Extrovert
20749,Extrovert
20750,Extrovert
20751,Introvert
20752,Extrovert
20753,Introvert
20754,Extrovert
20755,Extrovert
20756,Extrovert
20757,Extrovert
20758,Extrovert
20759,Extrovert
20760,Extrovert
20761,Extrovert
20762,Extrovert
20763,Extrovert
20764,Extrovert
20765,Extrovert
20766,Extrovert
20767,Introvert
20768,Extrovert
20769,Extrovert
20770,Extrovert
20771,Extrovert
20772,Extrovert
20773,Extrovert
20774,Extrovert
20775,Extrovert
20776,Extrovert
20777,Extrovert
20778,Extrovert
20779,Extrovert
20780,Extrovert
20781,Extrovert
20782,Extrovert
20783,Introvert
20784,Extrovert
20785,Extrovert
20786,Introvert
20787,Extrovert
20788,Extrovert
20789,Extrovert
20790,Extrovert
20791,Extrovert
20792,Extrovert
20793,Extrovert
20794,Extrovert
20795,Extrovert
20796,Extrovert
20797,Extrovert
20798,Extrovert
20799,Extrovert
20800,Extrovert
20801,Extrovert
20802,Extrovert
20803,Extrovert
20804,Introvert
20805,Extrovert
20806,Extrovert
20807,Introvert
20808,Extrovert
20809,Extrovert
20810,Extrovert
20811,Introvert
20812,Extrovert
20813,Extrovert
20814,Extrovert
20815,Extrovert
20816,Extrovert
20817,Extrovert
20818,Extrovert
20819,Extrovert
20820,Extrovert
20821,Extrovert
20822,Extrovert
20823,Extrovert
20824,Extrovert
20825,Extrovert
20826,Extrovert
20827,Extrovert
20828,Extrovert
20829,Introvert
20830,Extrovert
20831,Introvert
20832,Extrovert
20833,Extrovert
20834,Extrovert
20835,Extrovert
20836,Extrovert
20837,Extrovert
20838,Extrovert
20839,Introvert
20840,Extrovert
20841,Extrovert
20842,Extrovert
20843,Extrovert
20844,Introvert
20845,Extrovert
20846,Extrovert
20847,Extrovert
20848,Extrovert
20849,Extrovert
20850,Extrovert
20851,Extrovert
20852,Extrovert
20853,Extrovert
20854,Introvert
20855,Extrovert
20856,Extrovert
20857,Extrovert
20858,Introvert
20859,Extrovert
20860,Extrovert
20861,Extrovert
20862,Introvert
20863,Extrovert
20864,Extrovert
20865,Extrovert
20866,Extrovert
20867,Extrovert
20868,Extrovert
20869,Extrovert
20870,Extrovert
20871,Extrovert
20872,Extrovert
20873,Extrovert
20874,Extrovert
20875,Extrovert
20876,Extrovert
20877,Introvert
20878,Extrovert
20879,Extrovert
20880,Extrovert
20881,Extrovert
20882,Extrovert
20883,Introvert
20884,Introvert
20885,Extrovert
20886,Extrovert
20887,Extrovert
20888,Extrovert
20889,Extrovert
20890,Extrovert
20891,Extrovert
20892,Extrovert
20893,Extrovert
20894,Extrovert
20895,Extrovert
20896,Extrovert
20897,Extrovert
20898,Extrovert
20899,Extrovert
20900,Extrovert
20901,Extrovert
20902,Extrovert
20903,Extrovert
20904,Extrovert
20905,Extrovert
20906,Extrovert
20907,Extrovert
20908,Extrovert
20909,Extrovert
20910,Extrovert
20911,Extrovert
20912,Extrovert
20913,Extrovert
20914,Extrovert
20915,Extrovert
20916,Extrovert
20917,Extrovert
20918,Extrovert
20919,Extrovert
20920,Extrovert
20921,Extrovert
20922,Extrovert
20923,Extrovert
20924,Extrovert
20925,Introvert
20926,Extrovert
20927,Extrovert
20928,Introvert
20929,Extrovert
20930,Extrovert
20931,Extrovert
20932,Introvert
20933,Extrovert
20934,Extrovert
20935,Extrovert
20936,Extrovert
20937,Extrovert
20938,Extrovert
20939,Extrovert
20940,Extrovert
20941,Extrovert
20942,Introvert
20943,Extrovert
20944,Introvert
20945,Extrovert
20946,Extrovert
20947,Extrovert
20948,Extrovert
20949,Extrovert
20950,Extrovert
20951,Extrovert
20952,Extrovert
20953,Extrovert
20954,Extrovert
20955,Extrovert
20956,Extrovert
20957,Extrovert
20958,Extrovert
20959,Extrovert
20960,Extrovert
20961,Extrovert
20962,Extrovert
20963,Extrovert
20964,Extrovert
20965,Extrovert
20966,Extrovert
20967,Extrovert
20968,Extrovert
20969,Extrovert
20970,Extrovert
20971,Extrovert
20972,Extrovert
20973,Extrovert
20974,Extrovert
20975,Extrovert
20976,Extrovert
20977,Extrovert
20978,Extrovert
20979,Extrovert
20980,Extrovert
20981,Extrovert
20982,Extrovert
20983,Extrovert
20984,Extrovert
20985,Extrovert
20986,Extrovert
20987,Extrovert
20988,Extrovert
20989,Introvert
20990,Extrovert
20991,Introvert
20992,Extrovert
20993,Extrovert
20994,Extrovert
20995,Introvert
20996,Extrovert
20997,Extrovert
20998,Extrovert
20999,Extrovert
21000,Extrovert
21001,Extrovert
21002,Extrovert
21003,Introvert
21004,Extrovert
21005,Extrovert
21006,Extrovert
21007,Introvert
21008,Introvert
21009,Extrovert
21010,Extrovert
21011,Extrovert
21012,Extrovert
21013,Extrovert
21014,Extrovert
21015,Extrovert
21016,Extrovert
21017,Extrovert
21018,Extrovert
21019,Introvert
21020,Introvert
21021,Extrovert
21022,Extrovert
21023,Extrovert
21024,Extrovert
21025,Extrovert
21026,Extrovert
21027,Extrovert
21028,Extrovert
21029,Introvert
21030,Extrovert
21031,Extrovert
21032,Extrovert
21033,Extrovert
21034,Introvert
21035,Extrovert
21036,Introvert
21037,Extrovert
21038,Extrovert
21039,Extrovert
21040,Extrovert
21041,Extrovert
21042,Extrovert
21043,Extrovert
21044,Extrovert
21045,Introvert
21046,Introvert
21047,Extrovert
21048,Extrovert
21049,Extrovert
21050,Extrovert
21051,Extrovert
21052,Extrovert
21053,Extrovert
21054,Extrovert
21055,Extrovert
21056,Extrovert
21057,Extrovert
21058,Introvert
21059,Extrovert
21060,Extrovert
21061,Extrovert
21062,Extrovert
21063,Extrovert
21064,Extrovert
21065,Extrovert
21066,Extrovert
21067,Introvert
21068,Extrovert
21069,Introvert
21070,Introvert
21071,Extrovert
21072,Extrovert
21073,Extrovert
21074,Extrovert
21075,Extrovert
21076,Extrovert
21077,Extrovert
21078,Extrovert
21079,Extrovert
21080,Introvert
21081,Extrovert
21082,Extrovert
21083,Introvert
21084,Extrovert
21085,Extrovert
21086,Extrovert
21087,Extrovert
21088,Extrovert
21089,Extrovert
21090,Extrovert
21091,Extrovert
21092,Extrovert
21093,Extrovert
21094,Extrovert
21095,Extrovert
21096,Introvert
21097,Extrovert
21098,Extrovert
21099,Introvert
21100,Extrovert
21101,Extrovert
21102,Extrovert
21103,Extrovert
21104,Extrovert
21105,Extrovert
21106,Introvert
21107,Extrovert
21108,Extrovert
21109,Extrovert
21110,Extrovert
21111,Introvert
21112,Extrovert
21113,Extrovert
21114,Introvert
21115,Introvert
21116,Extrovert
21117,Extrovert
21118,Introvert
21119,Extrovert
21120,Extrovert
21121,Extrovert
21122,Extrovert
21123,Extrovert
21124,Extrovert
21125,Extrovert
21126,Extrovert
21127,Extrovert
21128,Extrovert
21129,Extrovert
21130,Extrovert
21131,Extrovert
21132,Extrovert
21133,Extrovert
21134,Extrovert
21135,Introvert
21136,Extrovert
21137,Extrovert
21138,Extrovert
21139,Introvert
21140,Extrovert
21141,Extrovert
21142,Extrovert
21143,Extrovert
21144,Extrovert
21145,Extrovert
21146,Extrovert
21147,Extrovert
21148,Extrovert
21149,Extrovert
21150,Extrovert
21151,Introvert
21152,Extrovert
21153,Extrovert
21154,Extrovert
21155,Extrovert
21156,Extrovert
21157,Extrovert
21158,Extrovert
21159,Extrovert
21160,Extrovert
21161,Introvert
21162,Introvert
21163,Extrovert
21164,Extrovert
21165,Extrovert
21166,Extrovert
21167,Extrovert
21168,Extrovert
21169,Introvert
21170,Extrovert
21171,Extrovert
21172,Extrovert
21173,Extrovert
21174,Extrovert
21175,Extrovert
21176,Extrovert
21177,Introvert
21178,Introvert
21179,Extrovert
21180,Extrovert
21181,Extrovert
21182,Extrovert
21183,Extrovert
21184,Extrovert
21185,Extrovert
21186,Introvert
21187,Extrovert
21188,Extrovert
21189,Extrovert
21190,Extrovert
21191,Extrovert
21192,Extrovert
21193,Extrovert
21194,Extrovert
21195,Extrovert
21196,Extrovert
21197,Extrovert
21198,Extrovert
21199,Extrovert
21200,Extrovert
21201,Extrovert
21202,Extrovert
21203,Introvert
21204,Extrovert
21205,Extrovert
21206,Extrovert
21207,Introvert
21208,Extrovert
21209,Extrovert
21210,Extrovert
21211,Introvert
21212,Extrovert
21213,Extrovert
21214,Extrovert
21215,Extrovert
21216,Extrovert
21217,Extrovert
21218,Extrovert
21219,Introvert
21220,Extrovert
21221,Introvert
21222,Extrovert
21223,Extrovert
21224,Extrovert
21225,Extrovert
21226,Extrovert
21227,Introvert
21228,Introvert
21229,Extrovert
21230,Extrovert
21231,Introvert
21232,Extrovert
21233,Extrovert
21234,Extrovert
21235,Extrovert
21236,Extrovert
21237,Introvert
21238,Extrovert
21239,Extrovert
21240,Extrovert
21241,Extrovert
21242,Extrovert
21243,Extrovert
21244,Introvert
21245,Extrovert
21246,Introvert
21247,Extrovert
21248,Extrovert
21249,Extrovert
21250,Extrovert
21251,Extrovert
21252,Extrovert
21253,Extrovert
21254,Extrovert
21255,Introvert
21256,Extrovert
21257,Extrovert
21258,Extrovert
21259,Extrovert
21260,Introvert
21261,Extrovert
21262,Extrovert
21263,Introvert
21264,Extrovert
21265,Extrovert
21266,Extrovert
21267,Extrovert
21268,Introvert
21269,Introvert
21270,Introvert
21271,Extrovert
21272,Extrovert
21273,Extrovert
21274,Extrovert
21275,Introvert
21276,Extrovert
21277,Extrovert
21278,Extrovert
21279,Extrovert
21280,Extrovert
21281,Introvert
21282,Extrovert
21283,Extrovert
21284,Extrovert
21285,Introvert
21286,Extrovert
21287,Extrovert
21288,Extrovert
21289,Extrovert
21290,Extrovert
21291,Extrovert
21292,Extrovert
21293,Extrovert
21294,Introvert
21295,Extrovert
21296,Extrovert
21297,Introvert
21298,Extrovert
21299,Introvert
21300,Extrovert
21301,Introvert
21302,Extrovert
21303,Extrovert
21304,Extrovert
21305,Extrovert
21306,Extrovert
21307,Introvert
21308,Extrovert
21309,Extrovert
21310,Extrovert
21311,Extrovert
21312,Introvert
21313,Extrovert
21314,Extrovert
21315,Extrovert
21316,Extrovert
21317,Extrovert
21318,Extrovert
21319,Extrovert
21320,Introvert
21321,Extrovert
21322,Extrovert
21323,Extrovert
21324,Extrovert
21325,Extrovert
21326,Extrovert
21327,Extrovert
21328,Extrovert
21329,Extrovert
21330,Extrovert
21331,Extrovert
21332,Extrovert
21333,Extrovert
21334,Extrovert
21335,Extrovert
21336,Extrovert
21337,Introvert
21338,Extrovert
21339,Introvert
21340,Extrovert
21341,Extrovert
21342,Extrovert
21343,Extrovert
21344,Extrovert
21345,Extrovert
21346,Extrovert
21347,Extrovert
21348,Extrovert
21349,Introvert
21350,Extrovert
21351,Extrovert
21352,Extrovert
21353,Extrovert
21354,Extrovert
21355,Extrovert
21356,Extrovert
21357,Introvert
21358,Introvert
21359,Introvert
21360,Extrovert
21361,Extrovert
21362,Introvert
21363,Introvert
21364,Introvert
21365,Extrovert
21366,Extrovert
21367,Extrovert
21368,Introvert
21369,Extrovert
21370,Extrovert
21371,Extrovert
21372,Extrovert
21373,Extrovert
21374,Extrovert
21375,Extrovert
21376,Introvert
21377,Extrovert
21378,Extrovert
21379,Extrovert
21380,Extrovert
21381,Extrovert
21382,Extrovert
21383,Extrovert
21384,Extrovert
21385,Extrovert
21386,Extrovert
21387,Extrovert
21388,Extrovert
21389,Extrovert
21390,Extrovert
21391,Introvert
21392,Extrovert
21393,Extrovert
21394,Introvert
21395,Extrovert
21396,Extrovert
21397,Extrovert
21398,Extrovert
21399,Extrovert
21400,Extrovert
21401,Extrovert
21402,Extrovert
21403,Extrovert
21404,Extrovert
21405,Introvert
21406,Introvert
21407,Extrovert
21408,Extrovert
21409,Introvert
21410,Extrovert
21411,Extrovert
21412,Extrovert
21413,Extrovert
21414,Extrovert
21415,Extrovert
21416,Introvert
21417,Extrovert
21418,Extrovert
21419,Extrovert
21420,Extrovert
21421,Extrovert
21422,Extrovert
21423,Extrovert
21424,Extrovert
21425,Extrovert
21426,Extrovert
21427,Extrovert
21428,Extrovert
21429,Extrovert
21430,Extrovert
21431,Extrovert
21432,Extrovert
21433,Extrovert
21434,Extrovert
21435,Introvert
21436,Introvert
21437,Extrovert
21438,Extrovert
21439,Extrovert
21440,Extrovert
21441,Introvert
21442,Extrovert
21443,Extrovert
21444,Introvert
21445,Extrovert
21446,Extrovert
21447,Extrovert
21448,Extrovert
21449,Extrovert
21450,Extrovert
21451,Extrovert
21452,Extrovert
21453,Extrovert
21454,Extrovert
21455,Extrovert
21456,Extrovert
21457,Extrovert
21458,Extrovert
21459,Introvert
21460,Introvert
21461,Extrovert
21462,Extrovert
21463,Extrovert
21464,Introvert
21465,Extrovert
21466,Extrovert
21467,Extrovert
21468,Extrovert
21469,Extrovert
21470,Extrovert
21471,Extrovert
21472,Extrovert
21473,Extrovert
21474,Extrovert
21475,Introvert
21476,Introvert
21477,Extrovert
21478,Extrovert
21479,Introvert
21480,Extrovert
21481,Extrovert
21482,Extrovert
21483,Introvert
21484,Extrovert
21485,Extrovert
21486,Extrovert
21487,Extrovert
21488,Extrovert
21489,Extrovert
21490,Extrovert
21491,Extrovert
21492,Extrovert
21493,Extrovert
21494,Extrovert
21495,Extrovert
21496,Extrovert
21497,Extrovert
21498,Introvert
21499,Extrovert
21500,Extrovert
21501,Introvert
21502,Extrovert
21503,Extrovert
21504,Extrovert
21505,Extrovert
21506,Extrovert
21507,Extrovert
21508,Extrovert
21509,Extrovert
21510,Extrovert
21511,Extrovert
21512,Extrovert
21513,Introvert
21514,Introvert
21515,Introvert
21516,Extrovert
21517,Extrovert
21518,Extrovert
21519,Extrovert
21520,Extrovert
21521,Extrovert
21522,Extrovert
21523,Extrovert
21524,Extrovert
21525,Extrovert
21526,Extrovert
21527,Extrovert
21528,Extrovert
21529,Extrovert
21530,Extrovert
21531,Extrovert
21532,Introvert
21533,Introvert
21534,Extrovert
21535,Extrovert
21536,Extrovert
21537,Extrovert
21538,Extrovert
21539,Extrovert
21540,Extrovert
21541,Introvert
21542,Extrovert
21543,Extrovert
21544,Extrovert
21545,Extrovert
21546,Introvert
21547,Extrovert
21548,Extrovert
21549,Introvert
21550,Extrovert
21551,Extrovert
21552,Introvert
21553,Extrovert
21554,Extrovert
21555,Extrovert
21556,Extrovert
21557,Extrovert
21558,Extrovert
21559,Extrovert
21560,Extrovert
21561,Introvert
21562,Extrovert
21563,Extrovert
21564,Extrovert
21565,Extrovert
21566,Extrovert
21567,Extrovert
21568,Extrovert
21569,Extrovert
21570,Extrovert
21571,Extrovert
21572,Extrovert
21573,Introvert
21574,Extrovert
21575,Introvert
21576,Extrovert
21577,Extrovert
21578,Extrovert
21579,Extrovert
21580,Extrovert
21581,
21582,
21583,
21584,
21585,
21586,
21587,
21588,
21589,
21590,
21591,
21592,
21593,
21594,
21595,
21596,
21597,
21598,
21599,
21600,
21601,
21602,
21603,
21604,
21605,
21606,
21607,
21608,
21609,
21610,
21611,
21612,
21613,
21614,
21615,
21616,
21617,
21618,
21619,
21620,
21621,
21622,
21623,
21624,
21625,
21626,
21627,
21628,
21629,
21630,
21631,
21632,
21633,
21634,
21635,
21636,
21637,
21638,
21639,
21640,
21641,
21642,
21643,
21644,
21645,
21646,
21647,
21648,
21649,
21650,
21651,
21652,
21653,
21654,
21655,
21656,
21657,
21658,
21659,
21660,
21661,
21662,
21663,
21664,
21665,
21666,
21667,
21668,
21669,
21670,
21671,
21672,
21673,
21674,
21675,
21676,
21677,
21678,
21679,
21680,
21681,
21682,
21683,
21684,
21685,
21686,
21687,
21688,
21689,
21690,
21691,
21692,
21693,
21694,
21695,
21696,
21697,
21698,
21699,
21700,
21701,
21702,
21703,
21704,
21705,
21706,
21707,
21708,
21709,
21710,
21711,
21712,
21713,
21714,
21715,
21716,
21717,
21718,
21719,
21720,
21721,
21722,
21723,
21724,
21725,
21726,
21727,
21728,
21729,
21730,
21731,
21732,
21733,
21734,
21735,
21736,
21737,
21738,
21739,
21740,
21741,
21742,
21743,
21744,
21745,
21746,
21747,
21748,
21749,
21750,
21751,
21752,
21753,
21754,
21755,
21756,
21757,
21758,
21759,
21760,
21761,
21762,
21763,
21764,
21765,
21766,
21767,
21768,
21769,
21770,
21771,
21772,
21773,
21774,
21775,
21776,
21777,
21778,
21779,
21780,
21781,
21782,
21783,
21784,
21785,
21786,
21787,
21788,
21789,
21790,
21791,
21792,
21793,
21794,
21795,
21796,
21797,
21798,
21799,
21800,
21801,
21802,
21803,
21804,
21805,
21806,
21807,
21808,
21809,
21810,
21811,
21812,
21813,
21814,
21815,
21816,
21817,
21818,
21819,
21820,
21821,
21822,
21823,
21824,
21825,
21826,
21827,
21828,
21829,
21830,
21831,
21832,
21833,
21834,
21835,
21836,
21837,
21838,
21839,
21840,
21841,
21842,
21843,
21844,
21845,
21846,
21847,
21848,
21849,
21850,
21851,
21852,
21853,
21854,
21855,
21856,
21857,
21858,
21859,
21860,
21861,
21862,
21863,
21864,
21865,
21866,
21867,
21868,
21869,
21870,
21871,
21872,
21873,
21874,
21875,
21876,
21877,
21878,
21879,
21880,
21881,
21882,
21883,
21884,
21885,
21886,
21887,
21888,
21889,
21890,
21891,
21892,
21893,
21894,
21895,
21896,
21897,
21898,
21899,
21900,
21901,
21902,
21903,
21904,
21905,
21906,
21907,
21908,
21909,
21910,
21911,
21912,
21913,
21914,
21915,
21916,
21917,
21918,
21919,
21920,
21921,
21922,
21923,
21924,
21925,
21926,
21927,
21928,
21929,
21930,
21931,
21932,
21933,
21934,
21935,
21936,
21937,
21938,
21939,
21940,
21941,
21942,
21943,
21944,
21945,
21946,
21947,
21948,
21949,
21950,
21951,
21952,
21953,
21954,
21955,
21956,
21957,
21958,
21959,
21960,
21961,
21962,
21963,
21964,
21965,
21966,
21967,
21968,
21969,
21970,
21971,
21972,
21973,
21974,
21975,
21976,
21977,
21978,
21979,
21980,
21981,
21982,
21983,
21984,
21985,
21986,
21987,
21988,
21989,
21990,
21991,
21992,
21993,
21994,
21995,
21996,
21997,
21998,
21999,
22000,
22001,
22002,
22003,
22004,
22005,
22006,
22007,
22008,
22009,
22010,
22011,
22012,
22013,
22014,
22015,
22016,
22017,
22018,
22019,
22020,
22021,
22022,
22023,
22024,
22025,
22026,
22027,
22028,
22029,
22030,
22031,
22032,
22033,
22034,
22035,
22036,
22037,
22038,
22039,
22040,
22041,
22042,
22043,
22044,
22045,
22046,
22047,
22048,
22049,
22050,
22051,
22052,
22053,
22054,
22055,
22056,
22057,
22058,
22059,
22060,
22061,
22062,
22063,
22064,
22065,
22066,
22067,
22068,
22069,
22070,
22071,
22072,
22073,
22074,
22075,
22076,
22077,
22078,
22079,
22080,
22081,
22082,
22083,
22084,
22085,
22086,
22087,
22088,
22089,
22090,
22091,
22092,
22093,
22094,
22095,
22096,
22097,
22098,
22099,
22100,
22101,
22102,
22103,
22104,
22105,
22106,
22107,
22108,
22109,
22110,
22111,
22112,
22113,
22114,
22115,
22116,
22117,
22118,
22119,
22120,
22121,
22122,
22123,
22124,
22125,
22126,
22127,
22128,
22129,
22130,
22131,
22132,
22133,
22134,
22135,
22136,
22137,
22138,
22139,
22140,
22141,
22142,
22143,
22144,
22145,
22146,
22147,
22148,
22149,
22150,
22151,
22152,
22153,
22154,
22155,
22156,
22157,
22158,
22159,
22160,
22161,
22162,
22163,
22164,
22165,
22166,
22167,
22168,
22169,
22170,
22171,
22172,
22173,
22174,
22175,
22176,
22177,
22178,
22179,
22180,
22181,
22182,
22183,
22184,
22185,
22186,
22187,
22188,
22189,
22190,
22191,
22192,
22193,
22194,
22195,
22196,
22197,
22198,
22199,
22200,
22201,
22202,
22203,
22204,
22205,
22206,
22207,
22208,
22209,
22210,
22211,
22212,
22213,
22214,
22215,
22216,
22217,
22218,
22219,
22220,
22221,
22222,
22223,
22224,
22225,
22226,
22227,
22228,
22229,
22230,
22231,
22232,
22233,
22234,
22235,
22236,
22237,
22238,
22239,
22240,
22241,
22242,
22243,
22244,
22245,
22246,
22247,
22248,
22249,
22250,
22251,
22252,
22253,
22254,
22255,
22256,
22257,
22258,
22259,
22260,
22261,
22262,
22263,
22264,
22265,
22266,
22267,
22268,
22269,
22270,
22271,
22272,
22273,
22274,
22275,
22276,
22277,
22278,
22279,
22280,
22281,
22282,
22283,
22284,
22285,
22286,
22287,
22288,
22289,
22290,
22291,
22292,
22293,
22294,
22295,
22296,
22297,
22298,
22299,
22300,
22301,
22302,
22303,
22304,
22305,
22306,
22307,
22308,
22309,
22310,
22311,
22312,
22313,
22314,
22315,
22316,
22317,
22318,
22319,
22320,
22321,
22322,
22323,
22324,
22325,
22326,
22327,
22328,
22329,
22330,
22331,
22332,
22333,
22334,
22335,
22336,
22337,
22338,
22339,
22340,
22341,
22342,
22343,
22344,
22345,
22346,
22347,
22348,
22349,
22350,
22351,
22352,
22353,
22354,
22355,
22356,
22357,
22358,
22359,
22360,
22361,
22362,
22363,
22364,
22365,
22366,
22367,
22368,
22369,
22370,
22371,
22372,
22373,
22374,
22375,
22376,
22377,
22378,
22379,
22380,
22381,
22382,
22383,
22384,
22385,
22386,
22387,
22388,
22389,
22390,
22391,
22392,
22393,
22394,
22395,
22396,
22397,
22398,
22399,
22400,
22401,
22402,
22403,
22404,
22405,
22406,
22407,
22408,
22409,
22410,
22411,
22412,
22413,
22414,
22415,
22416,
22417,
22418,
22419,
22420,
22421,
22422,
22423,
22424,
22425,
22426,
22427,
22428,
22429,
22430,
22431,
22432,
22433,
22434,
22435,
22436,
22437,
22438,
22439,
22440,
22441,
22442,
22443,
22444,
22445,
22446,
22447,
22448,
22449,
22450,
22451,
22452,
22453,
22454,
22455,
22456,
22457,
22458,
22459,
22460,
22461,
22462,
22463,
22464,
22465,
22466,
22467,
22468,
22469,
22470,
22471,
22472,
22473,
22474,
22475,
22476,
22477,
22478,
22479,
22480,
22481,
22482,
22483,
22484,
22485,
22486,
22487,
22488,
22489,
22490,
22491,
22492,
22493,
22494,
22495,
22496,
22497,
22498,
22499,
22500,
22501,
22502,
22503,
22504,
22505,
22506,
22507,
22508,
22509,
22510,
22511,
22512,
22513,
22514,
22515,
22516,
22517,
22518,
22519,
22520,
22521,
22522,
22523,
22524,
22525,
22526,
22527,
22528,
22529,
22530,
22531,
22532,
22533,
22534,
22535,
22536,
22537,
22538,
22539,
22540,
22541,
22542,
22543,
22544,
22545,
22546,
22547,
22548,
22549,
22550,
22551,
22552,
22553,
22554,
22555,
22556,
22557,
22558,
22559,
22560,
22561,
22562,
22563,
22564,
22565,
22566,
22567,
22568,
22569,
22570,
22571,
22572,
22573,
22574,
22575,
22576,
22577,
22578,
22579,
22580,
22581,
22582,
22583,
22584,
22585,
22586,
22587,
22588,
22589,
22590,
22591,
22592,
22593,
22594,
22595,
22596,
22597,
22598,
22599,
22600,
22601,
22602,
22603,
22604,
22605,
22606,
22607,
22608,
22609,
22610,
22611,
22612,
22613,
22614,
22615,
22616,
22617,
22618,
22619,
22620,
22621,
22622,
22623,
22624,
22625,
22626,
22627,
22628,
22629,
22630,
22631,
22632,
22633,
22634,
22635,
22636,
22637,
22638,
22639,
22640,
22641,
22642,
22643,
22644,
22645,
22646,
22647,
22648,
22649,
22650,
22651,
22652,
22653,
22654,
22655,
22656,
22657,
22658,
22659,
22660,
22661,
22662,
22663,
22664,
22665,
22666,
22667,
22668,
22669,
22670,
22671,
22672,
22673,
22674,
22675,
22676,
22677,
22678,
22679,
22680,
22681,
22682,
22683,
22684,
22685,
22686,
22687,
22688,
22689,
22690,
22691,
22692,
22693,
22694,
22695,
22696,
22697,
22698,
22699,
22700,
22701,
22702,
22703,
22704,
22705,
22706,
22707,
22708,
22709,
22710,
22711,
22712,
22713,
22714,
22715,
22716,
22717,
22718,
22719,
22720,
22721,
22722,
22723,
22724,
22725,
22726,
22727,
22728,
22729,
22730,
22731,
22732,
22733,
22734,
22735,
22736,
22737,
22738,
22739,
22740,
22741,
22742,
22743,
22744,
22745,
22746,
22747,
22748,
22749,
22750,
22751,
22752,
22753,
22754,
22755,
22756,
22757,
22758,
22759,
22760,
22761,
22762,
22763,
22764,
22765,
22766,
22767,
22768,
22769,
22770,
22771,
22772,
22773,
22774,
22775,
22776,
22777,
22778,
22779,
22780,
22781,
22782,
22783,
22784,
22785,
22786,
22787,
22788,
22789,
22790,
22791,
22792,
22793,
22794,
22795,
22796,
22797,
22798,
22799,
22800,
22801,
22802,
22803,
22804,
22805,
22806,
22807,
22808,
22809,
22810,
22811,
22812,
22813,
22814,
22815,
22816,
22817,
22818,
22819,
22820,
22821,
22822,
22823,
22824,
22825,
22826,
22827,
22828,
22829,
22830,
22831,
22832,
22833,
22834,
22835,
22836,
22837,
22838,
22839,
22840,
22841,
22842,
22843,
22844,
22845,
22846,
22847,
22848,
22849,
22850,
22851,
22852,
22853,
22854,
22855,
22856,
22857,
22858,
22859,
22860,
22861,
22862,
22863,
22864,
22865,
22866,
22867,
22868,
22869,
22870,
22871,
22872,
22873,
22874,
22875,
22876,
22877,
22878,
22879,
22880,
22881,
22882,
22883,
22884,
22885,
22886,
22887,
22888,
22889,
22890,
22891,
22892,
22893,
22894,
22895,
22896,
22897,
22898,
22899,
22900,
22901,
22902,
22903,
22904,
22905,
22906,
22907,
22908,
22909,
22910,
22911,
22912,
22913,
22914,
22915,
22916,
22917,
22918,
22919,
22920,
22921,
22922,
22923,
22924,
22925,
22926,
22927,
22928,
22929,
22930,
22931,
22932,
22933,
22934,
22935,
22936,
22937,
22938,
22939,
22940,
22941,
22942,
22943,
22944,
22945,
22946,
22947,
22948,
22949,
22950,
22951,
22952,
22953,
22954,
22955,
22956,
22957,
22958,
22959,
22960,
22961,
22962,
22963,
22964,
22965,
22966,
22967,
22968,
22969,
22970,
22971,
22972,
22973,
22974,
22975,
22976,
22977,
22978,
22979,
22980,
22981,
22982,
22983,
22984,
22985,
22986,
22987,
22988,
22989,
22990,
22991,
22992,
22993,
22994,
22995,
22996,
22997,
22998,
22999,
23000,
23001,
23002,
23003,
23004,
23005,
23006,
23007,
23008,
23009,
23010,
23011,
23012,
23013,
23014,
23015,
23016,
23017,
23018,
23019,
23020,
23021,
23022,
23023,
23024,
23025,
23026,
23027,
23028,
23029,
23030,
23031,
23032,
23033,
23034,
23035,
23036,
23037,
23038,
23039,
23040,
23041,
23042,
23043,
23044,
23045,
23046,
23047,
23048,
23049,
23050,
23051,
23052,
23053,
23054,
23055,
23056,
23057,
23058,
23059,
23060,
23061,
23062,
23063,
23064,
23065,
23066,
23067,
23068,
23069,
23070,
23071,
23072,
23073,
23074,
23075,
23076,
23077,
23078,
23079,
23080,
23081,
23082,
23083,
23084,
23085,
23086,
23087,
23088,
23089,
23090,
23091,
23092,
23093,
23094,
23095,
23096,
23097,
23098,
23099,
23100,
23101,
23102,
23103,
23104,
23105,
23106,
23107,
23108,
23109,
23110,
23111,
23112,
23113,
23114,
23115,
23116,
23117,
23118,
23119,
23120,
23121,
23122,
23123,
23124,
23125,
23126,
23127,
23128,
23129,
23130,
23131,
23132,
23133,
23134,
23135,
23136,
23137,
23138,
23139,
23140,
23141,
23142,
23143,
23144,
23145,
23146,
23147,
23148,
23149,
23150,
23151,
23152,
23153,
23154,
23155,
23156,
23157,
23158,
23159,
23160,
23161,
23162,
23163,
23164,
23165,
23166,
23167,
23168,
23169,
23170,
23171,
23172,
23173,
23174,
23175,
23176,
23177,
23178,
23179,
23180,
23181,
23182,
23183,
23184,
23185,
23186,
23187,
23188,
23189,
23190,
23191,
23192,
23193,
23194,
23195,
23196,
23197,
23198,
23199,
23200,
23201,
23202,
23203,
23204,
23205,
23206,
23207,
23208,
23209,
23210,
23211,
23212,
23213,
23214,
23215,
23216,
23217,
23218,
23219,
23220,
23221,
23222,
23223,
23224,
23225,
23226,
23227,
23228,
23229,
23230,
23231,
23232,
23233,
23234,
23235,
23236,
23237,
23238,
23239,
23240,
23241,
23242,
23243,
23244,
23245,
23246,
23247,
23248,
23249,
23250,
23251,
23252,
23253,
23254,
23255,
23256,
23257,
23258,
23259,
23260,
23261,
23262,
23263,
23264,
23265,
23266,
23267,
23268,
23269,
23270,
23271,
23272,
23273,
23274,
23275,
23276,
23277,
23278,
23279,
23280,
23281,
23282,
23283,
23284,
23285,
23286,
23287,
23288,
23289,
23290,
23291,
23292,
23293,
23294,
23295,
23296,
23297,
23298,
23299,
23300,
23301,
23302,
23303,
23304,
23305,
23306,
23307,
23308,
23309,
23310,
23311,
23312,
23313,
23314,
23315,
23316,
23317,
23318,
23319,
23320,
23321,
23322,
23323,
23324,
23325,
23326,
23327,
23328,
23329,
23330,
23331,
23332,
23333,
23334,
23335,
23336,
23337,
23338,
23339,
23340,
23341,
23342,
23343,
23344,
23345,
23346,
23347,
23348,
23349,
23350,
23351,
23352,
23353,
23354,
23355,
23356,
23357,
23358,
23359,
23360,
23361,
23362,
23363,
23364,
23365,
23366,
23367,
23368,
23369,
23370,
23371,
23372,
23373,
23374,
23375,
23376,
23377,
23378,
23379,
23380,
23381,
23382,
23383,
23384,
23385,
23386,
23387,
23388,
23389,
23390,
23391,
23392,
23393,
23394,
23395,
23396,
23397,
23398,
23399,
23400,
23401,
23402,
23403,
23404,
23405,
23406,
23407,
23408,
23409,
23410,
23411,
23412,
23413,
23414,
23415,
23416,
23417,
23418,
23419,
23420,
23421,
23422,
23423,
23424,
23425,
23426,
23427,
23428,
23429,
23430,
23431,
23432,
23433,
23434,
23435,
23436,
23437,
23438,
23439,
23440,
23441,
23442,
23443,
23444,
23445,
23446,
23447,
23448,
23449,
23450,
23451,
23452,
23453,
23454,
23455,
23456,
23457,
23458,
23459,
23460,
23461,
23462,
23463,
23464,
23465,
23466,
23467,
23468,
23469,
23470,
23471,
23472,
23473,
23474,
23475,
23476,
23477,
23478,
23479,
23480,
23481,
23482,
23483,
23484,
23485,
23486,
23487,
23488,
23489,
23490,
23491,
23492,
23493,
23494,
23495,
23496,
23497,
23498,
23499,
23500,
23501,
23502,
23503,
23504,
23505,
23506,
23507,
23508,
23509,
23510,
23511,
23512,
23513,
23514,
23515,
23516,
23517,
23518,
23519,
23520,
23521,
23522,
23523,
23524,
23525,
23526,
23527,
23528,
23529,
23530,
23531,
23532,
23533,
23534,
23535,
23536,
23537,
23538,
23539,
23540,
23541,
23542,
23543,
23544,
23545,
23546,
23547,
23548,
23549,
23550,
23551,
23552,
23553,
23554,
23555,
23556,
23557,
23558,
23559,
23560,
23561,
23562,
23563,
23564,
23565,
23566,
23567,
23568,
23569,
23570,
23571,
23572,
23573,
23574,
23575,
23576,
23577,
23578,
23579,
23580,
23581,
23582,
23583,
23584,
23585,
23586,
23587,
23588,
23589,
23590,
23591,
23592,
23593,
23594,
23595,
23596,
23597,
23598,
23599,
23600,
23601,
23602,
23603,
23604,
23605,
23606,
23607,
23608,
23609,
23610,
23611,
23612,
23613,
23614,
23615,
23616,
23617,
23618,
23619,
23620,
23621,
23622,
23623,
23624,
23625,
23626,
23627,
23628,
23629,
23630,
23631,
23632,
23633,
23634,
23635,
23636,
23637,
23638,
23639,
23640,
23641,
23642,
23643,
23644,
23645,
23646,
23647,
23648,
23649,
23650,
23651,
23652,
23653,
23654,
23655,
23656,
23657,
23658,
23659,
23660,
23661,
23662,
23663,
23664,
23665,
23666,
23667,
23668,
23669,
23670,
23671,
23672,
23673,
23674,
23675,
23676,
23677,
23678,
23679,
23680,
23681,
23682,
23683,
23684,
23685,
23686,
23687,
23688,
23689,
23690,
23691,
23692,
23693,
23694,
23695,
23696,
23697,
23698,
23699,
23700,
23701,
23702,
23703,
23704,
23705,
23706,
23707,
23708,
23709,
23710,
23711,
23712,
23713,
23714,
23715,
23716,
23717,
23718,
23719,
23720,
23721,
23722,
23723,
23724,
23725,
23726,
23727,
23728,
23729,
23730,
23731,
23732,
23733,
23734,
23735,
23736,
23737,
23738,
23739,
23740,
23741,
23742,
23743,
23744,
23745,
23746,
23747,
23748,
23749,
23750,
23751,
23752,
23753,
23754,
23755,
23756,
23757,
23758,
23759,
23760,
23761,
23762,
23763,
23764,
23765,
23766,
23767,
23768,
23769,
23770,
23771,
23772,
23773,
23774,
23775,
23776,
23777,
23778,
23779,
23780,
23781,
23782,
23783,
23784,
23785,
23786,
23787,
23788,
23789,
23790,
23791,
23792,
23793,
23794,
23795,
23796,
23797,
23798,
23799,
23800,
23801,
23802,
23803,
23804,
23805,
23806,
23807,
23808,
23809,
23810,
23811,
23812,
23813,
23814,
23815,
23816,
23817,
23818,
23819,
23820,
23821,
23822,
23823,
23824,
23825,
23826,
23827,
23828,
23829,
23830,
23831,
23832,
23833,
23834,
23835,
23836,
23837,
23838,
23839,
23840,
23841,
23842,
23843,
23844,
23845,
23846,
23847,
23848,
23849,
23850,
23851,
23852,
23853,
23854,
23855,
23856,
23857,
23858,
23859,
23860,
23861,
23862,
23863,
23864,
23865,
23866,
23867,
23868,
23869,
23870,
23871,
23872,
23873,
23874,
23875,
23876,
23877,
23878,
23879,
23880,
23881,
23882,
23883,
23884,
23885,
23886,
23887,
23888,
23889,
23890,
23891,
23892,
23893,
23894,
23895,
23896,
23897,
23898,
23899,
23900,
23901,
23902,
23903,
23904,
23905,
23906,
23907,
23908,
23909,
23910,
23911,
23912,
23913,
23914,
23915,
23916,
23917,
23918,
23919,
23920,
23921,
23922,
23923,
23924,
23925,
23926,
23927,
23928,
23929,
23930,
23931,
23932,
23933,
23934,
23935,
23936,
23937,
23938,
23939,
23940,
23941,
23942,
23943,
23944,
23945,
23946,
23947,
23948,
23949,
23950,
23951,
23952,
23953,
23954,
23955,
23956,
23957,
23958,
23959,
23960,
23961,
23962,
23963,
23964,
23965,
23966,
23967,
23968,
23969,
23970,
23971,
23972,
23973,
23974,
23975,
23976,
23977,
23978,
23979,
23980,
23981,
23982,
23983,
23984,
23985,
23986,
23987,
23988,
23989,
23990,
23991,
23992,
23993,
23994,
23995,
23996,
23997,
23998,
23999,
24000,
24001,
24002,
24003,
24004,
24005,
24006,
24007,
24008,
24009,
24010,
24011,
24012,
24013,
24014,
24015,
24016,
24017,
24018,
24019,
24020,
24021,
24022,
24023,
24024,
24025,
24026,
24027,
24028,
24029,
24030,
24031,
24032,
24033,
24034,
24035,
24036,
24037,
24038,
24039,
24040,
24041,
24042,
24043,
24044,
24045,
24046,
24047,
24048,
24049,
24050,
24051,
24052,
24053,
24054,
24055,
24056,
24057,
24058,
24059,
24060,
24061,
24062,
24063,
24064,
24065,
24066,
24067,
24068,
24069,
24070,
24071,
24072,
24073,
24074,
24075,
24076,
24077,
24078,
24079,
24080,
24081,
24082,
24083,
24084,
24085,
24086,
24087,
24088,
24089,
24090,
24091,
24092,
24093,
24094,
24095,
24096,
24097,
24098,
24099,
24100,
24101,
24102,
24103,
24104,
24105,
24106,
24107,
24108,
24109,
24110,
24111,
24112,
24113,
24114,
24115,
24116,
24117,
24118,
24119,
24120,
24121,
24122,
24123,
24124,
24125,
24126,
24127,
24128,
24129,
24130,
24131,
24132,
24133,
24134,
24135,
24136,
24137,
24138,
24139,
24140,
24141,
24142,
24143,
24144,
24145,
24146,
24147,
24148,
24149,
24150,
24151,
24152,
24153,
24154,
24155,
24156,
24157,
24158,
24159,
24160,
24161,
24162,
24163,
24164,
24165,
24166,
24167,
24168,
24169,
24170,
24171,
24172,
24173,
24174,
24175,
24176,
24177,
24178,
24179,
24180,
24181,
24182,
24183,
24184,
24185,
24186,
24187,
24188,
24189,
24190,
24191,
24192,
24193,
24194,
24195,
24196,
24197,
24198,
24199,
24200,
24201,
24202,
24203,
24204,
24205,
24206,
24207,
24208,
24209,
24210,
24211,
24212,
24213,
24214,
24215,
24216,
24217,
24218,
24219,
24220,
24221,
24222,
24223,
24224,
24225,
24226,
24227,
24228,
24229,
24230,
24231,
24232,
24233,
24234,
24235,
24236,
24237,
24238,
24239,
24240,
24241,
24242,
24243,
24244,
24245,
24246,
24247,
24248,
24249,
24250,
24251,
24252,
24253,
24254,
24255,
24256,
24257,
24258,
24259,
24260,
24261,
24262,
24263,
24264,
24265,
24266,
24267,
24268,
24269,
24270,
24271,
24272,
24273,
24274,
24275,
24276,
24277,
24278,
24279,
24280,
24281,
24282,
24283,
24284,
24285,
24286,
24287,
24288,
24289,
24290,
24291,
24292,
24293,
24294,
24295,
24296,
24297,
24298,
24299,
24300,
24301,
24302,
24303,
24304,
24305,
24306,
24307,
24308,
24309,
24310,
24311,
24312,
24313,
24314,
24315,
24316,
24317,
24318,
24319,
24320,
24321,
24322,
24323,
24324,
24325,
24326,
24327,
24328,
24329,
24330,
24331,
24332,
24333,
24334,
24335,
24336,
24337,
24338,
24339,
24340,
24341,
24342,
24343,
24344,
24345,
24346,
24347,
24348,
24349,
24350,
24351,
24352,
24353,
24354,
24355,
24356,
24357,
24358,
24359,
24360,
24361,
24362,
24363,
24364,
24365,
24366,
24367,
24368,
24369,
24370,
24371,
24372,
24373,
24374,
24375,
24376,
24377,
24378,
24379,
24380,
24381,
24382,
24383,
24384,
24385,
24386,
24387,
24388,
24389,
24390,
24391,
24392,
24393,
24394,
24395,
24396,
24397,
24398,
24399,
24400,
24401,
24402,
24403,
24404,
24405,
24406,
24407,
24408,
24409,
24410,
24411,
24412,
24413,
24414,
24415,
24416,
24417,
24418,
24419,
24420,
24421,
24422,
24423,
24424,
24425,
24426,
24427,
24428,
24429,
24430,
24431,
24432,
24433,
24434,
24435,
24436,
24437,
24438,
24439,
24440,
24441,
24442,
24443,
24444,
24445,
24446,
24447,
24448,
24449,
24450,
24451,
24452,
24453,
24454,
24455,
24456,
24457,
24458,
24459,
24460,
24461,
24462,
24463,
24464,
24465,
24466,
24467,
24468,
24469,
24470,
24471,
24472,
24473,
24474,
24475,
24476,
24477,
24478,
24479,
24480,
24481,
24482,
24483,
24484,
24485,
24486,
24487,
24488,
24489,
24490,
24491,
24492,
24493,
24494,
24495,
24496,
24497,
24498,
24499,
24500,
24501,
24502,
24503,
24504,
24505,
24506,
24507,
24508,
24509,
24510,
24511,
24512,
24513,
24514,
24515,
24516,
24517,
24518,
24519,
24520,
24521,
24522,
24523,
24524,
24525,
24526,
24527,
24528,
24529,
24530,
24531,
24532,
24533,
24534,
24535,
24536,
24537,
24538,
24539,
24540,
24541,
24542,
24543,
24544,
24545,
24546,
24547,
24548,
24549,
24550,
24551,
24552,
24553,
24554,
24555,
24556,
24557,
24558,
24559,
24560,
24561,
24562,
24563,
24564,
24565,
24566,
24567,
24568,
24569,
24570,
24571,
24572,
24573,
24574,
24575,
24576,
24577,
24578,
24579,
24580,
24581,
24582,
24583,
24584,
24585,
24586,
24587,
24588,
24589,
24590,
24591,
24592,
24593,
24594,
24595,
24596,
24597,
24598,
24599,
24600,
24601,
24602,
24603,
24604,
24605,
24606,
24607,
24608,
24609,
24610,
24611,
24612,
24613,
24614,
24615,
24616,
24617,
24618,
24619,
24620,
24621,
24622,
24623,
24624,
24625,
24626,
24627,
24628,
24629,
24630,
24631,
24632,
24633,
24634,
24635,
24636,
24637,
24638,
24639,
24640,
24641,
24642,
24643,
24644,
24645,
24646,
24647,
24648,
24649,
24650,
24651,
24652,
24653,
24654,
24655,
24656,
24657,
24658,
24659,
24660,
24661,
24662,
24663,
24664,
24665,
24666,
24667,
24668,
24669,
24670,
24671,
24672,
24673,
24674,
24675,
24676,
24677,
24678,
24679,
24680,
24681,
24682,
24683,
24684,
24685,
24686,
24687,
24688,
24689,
24690,
24691,
24692,
24693,
24694,
24695,
24696,
24697,
24698,
